PolyX,PolyY,PolyZ,Tf,T0,T1
0.1*t**3 - 1.0*t**2,0.1*t**3 - 1.0*t**2,"      3     2
-0.2 t + 3 t",10.0,0,10.0
10*t + 432.729415500458*(0.1*t - 1)**3 - 331.63617567127*(0.1*t - 1)**2 - 100.0,10*t + 76.3605325120696*(0.1*t - 1)**3 - 58.5213624667438*(0.1*t - 1)**2 - 100.0," 
100",5.10921550191247,10.0,15.10921550191247
10*t + 3.16251156808974*(0.0661847731189898*t - 1)**3 - 3.21044625053571*(0.0661847731189898*t - 1)**2 - 128.856860901478,10*t + 595.241444043414*(0.0661847731189898*t - 1)**3 - 604.263611704965*(0.0661847731189898*t - 1)**2 - 105.092155019125," 
100",10.225485496210826,15.10921550191247,25.334700998123296
10*t + 5104.87209749888*(0.0394715532689364*t - 1)**3 - 3398.07438003516*(0.0394715532689364*t - 1)**2 - 129.347009981233,10*t + 2115.24616090068*(0.0394715532689364*t - 1)**3 - 1408.02034792331*(0.0394715532689364*t - 1)**2 - 197.347009981233," 
100",11.242749637776207,25.334700998123296,36.5774506358995
10*t + 78.2199181291978*(0.0273392481601365*t - 1)**3 - 40.4093277156731*(0.0273392481601365*t - 1)**2 - 352.408777458739,10*t + 5188.20180123393*(0.0273392481601365*t - 1)**3 - 2680.285940658*(0.0273392481601365*t - 1)**2 - 289.774506358995," 
100",12.597560187577493,36.5774506358995,49.175010823476995
10*t + 67936.4648430965*(0.0203355318738961*t - 1)**3 - 17211.8069929119*(0.0203355318738961*t - 1)**2 - 354.00651849118,10*t + 26173.8223589023*(0.0203355318738961*t - 1)**3 - 6631.1778181076*(0.0203355318738961*t - 1)**2 - 395.75010823477," 
100",8.305709333201555,49.175010823476995,57.48072015667855
10*t + 1733.5802645178*(0.0173971376363108*t - 1)**3 - 260.762425359804*(0.0173971376363108*t - 1)**2 - 517.676766784177,10*t + 94489.1766915671*(0.0173971376363108*t - 1)**3 - 14212.9138111743*(0.0173971376363108*t - 1)**2 - 458.807201566785," 
100",5.764106535770132,57.48072015667855,63.24482669244868
10*t + 29298.6410397302*(0.015811569930658*t - 1)**3 - 11802.562126166*(0.015811569930658*t - 1)**2 - 518.550831027051,10*t + 30548.3092143821*(0.015811569930658*t - 1)**3 - 12305.9740847078*(0.015811569930658*t - 1)**2 - 506.448266924487," 
100",16.984883250705764,63.24482669244868,80.22970994315445
10*t + 103284.621405502*(0.0124642105861848*t - 1)**3 - 19310.4190726881*(0.0124642105861848*t - 1)**2 - 802.297099431544,10*t + 103284.621405502*(0.0124642105861848*t - 1)**3 - 19310.4190726881*(0.0124642105861848*t - 1)**2 - 802.297099431544,"     3     2
0.2 t - 3 t + 100",10.0,80.22970994315445,90.22970994315445
