PolyX,PolyY,PolyZ,Tf,T0,T1
0.1*t**3 - 1.0*t**2,0.1*t**3 - 1.0*t**2,"      3     2
-0.2 t + 3 t",10.0,0,10.0
10*t + 539.717797192298*(0.1*t - 1)**3 - 369.312526359849*(0.1*t - 1)**2 - 100.0,10*t + 97.2912583912544*(0.1*t - 1)**3 - 66.5734586039621*(0.1*t - 1)**2 - 100.0," 
100",4.561797891182817,10.0,14.561797891182817
10*t + 15.9265775903441*(0.0686728388536076*t - 1)**3 - 10.901828415394*(0.0686728388536076*t - 1)**2 - 125.617978911828,10*t + 1188.07459900751*(0.0686728388536076*t - 1)**3 - 813.243482449142*(0.0686728388536076*t - 1)**2 - 104.617978911828," 
100",6.645086224742013,14.561797891182817,21.20688411592483
10*t + 8305.0108555186*(0.0471544991962809*t - 1)**3 - 3935.70153073135*(0.0471544991962809*t - 1)**2 - 126.374723512189,10*t + 2980.88653809506*(0.0471544991962809*t - 1)**3 - 1412.62665576427*(0.0471544991962809*t - 1)**2 - 161.068841159248," 
100",6.699888194336452,21.20688411592483,27.90677231026128
10*t + 1661.42525092187*(0.0358335958340944*t - 1)**3 - 432.023860574853*(0.0358335958340944*t - 1)**2 - 257.317723102613,10*t + 10894.324008686*(0.0358335958340944*t - 1)**3 - 2832.87371127548*(0.0358335958340944*t - 1)**2 - 208.067723102613," 
100",4.837770664262621,27.90677231026128,32.7445429745239
10*t + 129718.875116892*(0.0305394398320974*t - 1)**3 - 19313.4817875533*(0.0305394398320974*t - 1)**2 - 261.645429745239,10*t + 46019.8769822931*(0.0305394398320974*t - 1)**3 - 6851.77122575294*(0.0305394398320974*t - 1)**2 - 236.445429745239," 
100",3.250162495937701,32.7445429745239,35.994705470461604
10*t + 10835.628245484*(0.0277818636638278*t - 1)**3 - 4824.89408180015*(0.0277818636638278*t - 1)**2 - 325.072054704616,10*t + 15891.1780807772*(0.0277818636638278*t - 1)**3 - 7076.03189567981*(0.0277818636638278*t - 1)**2 - 258.947054704616," 
100",10.685160562668209,35.994705470461604,46.67986603312981
10*t + 20343.1779768161*(0.0214225122088027*t - 1)**3 - 6537.02967861284*(0.0214225122088027*t - 1)**2 - 466.798660331298,10*t + 20343.1779768161*(0.0214225122088027*t - 1)**3 - 6537.02967861284*(0.0214225122088027*t - 1)**2 - 466.798660331298,"     3     2
0.2 t - 3 t + 100",10.0,46.67986603312981,56.67986603312981
