PolyX,PolyY,PolyZ,Tf,T0,T1
0.1*t**3 - 1.0*t**2,0.1*t**3 - 1.0*t**2,"      3     2
-0.2 t + 3 t",10.0,0,10.0
10*t + 632.904442811343*(0.1*t - 1)**3 - 407.403501288426*(0.1*t - 1)**2 - 100.0,10*t + 99.043233335417*(0.1*t - 1)**3 - 63.7545849110166*(0.1*t - 1)**2 - 100.0," 
100",4.291364000951461,10.0,14.29136400095146
10*t + 7.89963302750787*(0.0699723273393235*t - 1)**3 - 6.47107466572998*(0.0699723273393235*t - 1)**2 - 125.008878104753,10*t + 835.601755852016*(0.0699723273393235*t - 1)**3 - 684.492726953827*(0.0699723273393235*t - 1)**2 - 103.913640009515," 
100",7.804622755111797,14.29136400095146,22.095986756063258
10*t + 7120.09895879474*(0.045257087227643*t - 1)**3 - 3730.61473661106*(0.045257087227643*t - 1)**2 - 125.65217525294,10*t + 2683.37058095349*(0.045257087227643*t - 1)**3 - 1405.96667139416*(0.045257087227643*t - 1)**2 - 171.959867560633," 
100",7.718208626891148,22.095986756063258,29.814195382954406
10*t + 509.29348223674*(0.0335410695192441*t - 1)**3 - 122.719827638098*(0.0335410695192441*t - 1)**2 - 277.380049067639,10*t + 18282.3075259946*(0.0335410695192441*t - 1)**3 - 4405.32169892142*(0.0335410695192441*t - 1)**2 - 229.141953829544," 
100",4.789370695125694,29.814195382954406,34.6035660780801
10*t + 12649.1616260415*(0.0288987556295089*t - 1)**3 - 5701.12097390908*(0.0288987556295089*t - 1)**2 - 278.435660780801,10*t + 13489.6139455947*(0.0288987556295089*t - 1)**3 - 6079.92239081174*(0.0288987556295089*t - 1)**2 - 267.035660780801," 
100",10.397480464035503,34.6035660780801,45.0010465421156
10*t + 18226.2715782424*(0.0222217054233199*t - 1)**3 - 6075.28256965696*(0.0222217054233199*t - 1)**2 - 450.010465421156,10*t + 18226.2715782424*(0.0222217054233199*t - 1)**3 - 6075.28256965696*(0.0222217054233199*t - 1)**2 - 450.010465421156,"     3     2
0.2 t - 3 t + 100",10.0,45.0010465421156,55.0010465421156
